product_name,product_price
"Juârez Acoustic Guitar Kit, 38 Inch Cutaway, 038C with Bag, Strings, Pick and Strap, Black","₹2,179"
"Intern INT-38C Right hand Acoustic Guitar Kit, With Bag, Strings, Pick And Strap, Black, small","₹2,179"
"Juârez Acoustic Guitar, 38 Inch Cutaway, 038C with Bag, Strings, Pick and Strap, Black (Acoustic Guitar Kit, BLUE SUNBURST)","₹2,198"
"Juârez JRZ38C/WH 6 Strings Acoustic Guitar 38 Inch Cutaway, Right Handed, White with Bag, Strings, Picks and Strap","₹2,199"
"Intern INT-38C-SB Right hand Acoustic Guitar Kit, With Bag, Strings, Pick, Strap and String Winder (38C, Sunburst)","₹2,198"
Medellin 38” Acoustic Guitar with (free learning course) Matt finish with Picks(Blue),"₹1,999"
"Yamaha F280 Acoustic Rosewood Guitar (Natural, Beige)","₹7,363"
"JUAREZ Engineered Wood Acoustic Guitar, 38 Inch Cutaway, JRZ38C/TBLSNA TRANSPARENT BLUE SUNBURST","₹1,699"
"Juârez Acoustic Guitar, 38 Inch Cutaway, 038C with Bag, Strings, Pick and Strap, Black (Acoustic Guitar Kit, SUNBURST)","₹2,199"
Revel 38 Inches Cutaway Design Acoustic Guitar with Carry bag and Plectrums. Great tone and Beginner/Learners standard size configuration for all age groups (Black),"₹1,949"
"Intern INT-38C-VT-G 38 Incheses Cutaway Right HAnded lindenwood Acoustic Guitar Kit, With Bag, Strings, Pick And Strap (Violet, 6-Strings)","₹2,039"
"Medellin 38” Acoustic Guitar with (free learning course), Matt finish, Picks (Black)","₹1,999"
"BLUEBERRY, B-38C Acoustic Guitar Kit with Bag, Strap, One Pack Strings And 2 Picks - 38 Inch (Retro BlACK)","₹2,203"
"JUAREZ Engineered Wood Acoustic Guitar, 38 Inch Cutaway, JRZ38C/BKNA Black","₹1,864"
Intern INT-38C Acoustic Guitar Kit (Blue),"₹2,199"
"Kadence rosewood Guitar Frontier Series, Electric Acoustic Black Guitar With EQ, Die Cast Keys, Set Of Strings, Strap, Picks And Bag (Black EQ, Electric Acoustic)","₹5,399"
Intern INT-38C Acoustic Guitar Kit (Red),"₹2,198"
Intern INT-38C Acoustic Guitar Kit (Natural),"₹2,198"
Kadence BB01 Dreadnought Acoustic Guitar + (free online learning Course) - Black,"₹3,999"
Fender Acoustic Guitar with Cutaway Electronics CD60SCE Black 970113006,"₹24,999"
"Intern INT-38C-NT-G 38 Incheses lindenwood Right HAnded Acoustic Guitar Kit With Bag, Strings, Pick And Strap (Natural, 6-Strings)","₹2,199"
"Intern 38C Acoustic Steel-string Guitar Premium White Cutaway Design with carry bag, strings, guitar strap and plectrums (INT-38C-WH)","₹2,198"
"Kadence Frontier guitar with Online Guitar learning course , Wine Red Acoustic Guitar with Die Cast Keys, Set of Strings, Strap, Picks and Bag (Wine Red, Acoustic)","₹4,733"
YAMAHA FS80C BLACK CONCERT CUTAWAY GUITAR,"₹8,489"
"Yamaha F280 Acoustic Guitar, Tobacco Brown Sunburst","₹7,950"
"Henrix 38C 38 Inch Cutaway Acoustic Guitar With Dual Action Truss Rod, Gigbag, Picks, String Set, String Winder, Strap, Polishing Cloth & Ebook - Sunburst","₹3,099"
"YAMAHA F310, 6-Strings Rose Wood Acoustic Guitar, Natural","₹9,400"
"Medellin 38"" Blue Acoustic Guitar premium wood with free online learning course, Set Of Strings, Strap, Bag and 3 Picks","₹2,199"
Intern INT-38C Acoustic Guitar Kit (Purple),"₹2,199"
"Kadence A281 Professional Acoustic Rosewood guitar (Natural, Beige)","₹5,686"
"JUAREZ JRZ38C/3TSNA Engineered Wood Acoustic Guitar, 38 Inch Cutaway, 3TS Sunburst","₹1,864"
Yamaha FG830 Acoustic Guitar - Natural,"₹31,990"
"Juarez JRZ-ST01 38 Inches Wood 6-String Electric Guitar, Right Handed, Full Black, With Case/Bag And Picks (Black)","₹6,750"
Belear I-280 38 Inch Blue Spruce Cutaway Acoustic Guitar with Dual Action Truss Rod,"₹2,698"
"Intern INT-38C-SB-G Linden Wood Cutaway Right Handed Acoustic Guitar Kit, With Bag, Strings, Pick And Strap (Sunburst, 6 Strings)","₹1,999"
Yamaha Bass Wood Fs80C Natural Concert Cutaway Guitar,"₹7,900"
"Intern INT-38C-BK-G Cutaway Right Handed Acoustic Guitar Kit, with Bag, Nickel Strings, Pick And Strap (Black) -6 Strings","₹2,199"
"Medellin Acoustic Guitar (with guitar learning course) Neon Pink (Combo, Strings,Bag,Picks and guitar course)","₹2,599"
"BLUEBERRY 38C, Acoustic Guitar Kit with Bag, Strap, One Pack Strings And Picks - 38 Inch (Natural)","₹2,295"
Yamaha FS80C 25 Incheses sprucewood The Ultimate Concert Body Cutaway Acoustic Guitar (Black) With Bajaao Gig-Bag,"₹9,499"
"Juârez Acoustic Guitar Kit Red, 38 Inch Cutaway, 038C with Bag, Strings, Pick and Strap, RED","₹2,299"
"YAMAHA Wood Fs100C Acoustic Guitar, Black","₹9,899"
"YAMAHA Mexa Yamaha F310, Dreadnought Acoustic Guitar with Sponge Bag, Belt and Plectrums Combo Pack","₹10,509"
YAMAHA FX280 Natural Electro Acoustic Guitar,"₹11,245"
Yamaha 22.8 Inches Merantiwood Classical Guitar C40//02 (Brown),"₹7,750"
"BLUEBERRY B-D38, Acoustic Guitar Kit Inbuilt Truss Rod with Bag, Strap, One Pack Strings And Picks - 38 Inch (Black)","₹2,659"
"Kadence Slowhand Premium Jumbo Semi Acoustic Guitar with Heavy Padded Bag, guitar cable, Pro Capo (Black Spruce Wood)","₹9,999"
"Intern INT-38C 38 Incheses basswood-BLS-G Cutaway Right HAnded Acoustic Guitar Kit, With Bag, Strings, Pick And Strap (Blue, 6 Strings)","₹2,112"
